{
    "root_group": {
        "name": "",
        "path": "",
        "id": "d41d8cd98f00b204e9800998ecf8427e",
        "groups": {},
        "checks": {}
    },
    "metrics": {
        "http_req_sending": {
            "p(90)": 0.35444000000000087,
            "p(95)": 0.6097400000000001,
            "avg": 0.47457493145319185,
            "min": 0,
            "med": 0,
            "max": 115.5661
        },
        "http_req_duration{expected_response:true}": {
            "p(95)": 199.29224,
            "avg": 166.98148566392467,
            "min": 137.1561,
            "med": 159.8815,
            "max": 796.208,
            "p(90)": 179.8553
        },
        "http_req_connecting": {
            "med": 0,
            "max": 1170.5937,
            "p(90)": 0,
            "p(95)": 0,
            "avg": 15.2380803760282,
            "min": 0
        },
        "http_req_tls_handshaking": {
            "avg": 12.99522326674501,
            "min": 0,
            "med": 0,
            "max": 627.896,
            "p(90)": 0,
            "p(95)": 0
        },
        "iteration_duration": {
            "avg": 1199.201161692129,
            "min": 1139.1506,
            "med": 1161.487,
            "max": 2609.4724,
            "p(90)": 1187.4376,
            "p(95)": 1284.2442200000003
        },
        "data_received": {
            "count": 2861958,
            "rate": 91885.82158042812
        },
        "vus": {
            "value": 28,
            "min": 28,
            "max": 100
        },
        "http_req_failed": {
            "passes": 0,
            "fails": 2553,
            "value": 0
        },
        "http_req_duration": {
            "p(90)": 179.8553,
            "p(95)": 199.29224,
            "avg": 166.98148566392467,
            "min": 137.1561,
            "med": 159.8815,
            "max": 796.208
        },
        "http_reqs": {
            "count": 2553,
            "rate": 81.96643783550736
        },
        "http_req_blocked": {
            "med": 0,
            "max": 1455.3718,
            "p(90)": 0,
            "p(95)": 0.6597000000000005,
            "avg": 30.792251664708168,
            "min": 0
        },
        "http_req_receiving": {
            "p(90)": 1.0089599999999999,
            "p(95)": 1.31264,
            "avg": 0.34564978456717643,
            "min": 0,
            "med": 0,
            "max": 6.591
        },
        "vus_max": {
            "value": 100,
            "min": 100,
            "max": 100
        },
        "data_sent": {
            "count": 316783,
            "rate": 10170.612642712702
        },
        "iterations": {
            "count": 2553,
            "rate": 81.96643783550736
        },
        "http_req_waiting": {
            "p(90)": 178.84716,
            "p(95)": 198.23044,
            "avg": 166.161260947904,
            "min": 136.9822,
            "med": 159.3431,
            "max": 795.2767
        }
    }
}