{
    "root_group": {
        "name": "",
        "path": "",
        "id": "d41d8cd98f00b204e9800998ecf8427e",
        "groups": {},
        "checks": {}
    },
    "metrics": {
        "vus_max": {
            "min": 100,
            "max": 100,
            "value": 100
        },
        "data_sent": {
            "count": 334724,
            "rate": 10757.768380584008
        },
        "http_req_tls_handshaking": {
            "avg": 10.371482387247278,
            "min": 0,
            "med": 0,
            "max": 358.8161,
            "p(90)": 0,
            "p(95)": 0
        },
        "data_received": {
            "count": 1328178,
            "rate": 42686.605359004156
        },
        "http_req_receiving": {
            "med": 0,
            "max": 34.624,
            "p(90)": 0.98227,
            "p(95)": 1.0473199999999998,
            "avg": 0.28918437013996884,
            "min": 0
        },
        "http_req_waiting": {
            "max": 833.7772,
            "p(90)": 186.96623000000002,
            "p(95)": 227.3179,
            "avg": 171.06105007776023,
            "min": 139.9127,
            "med": 160.62099999999998
        },
        "http_req_sending": {
            "avg": 0.06544292379471235,
            "min": 0,
            "med": 0,
            "max": 7.2338,
            "p(90)": 0,
            "p(95)": 0.5558399999999998
        },
        "http_req_connecting": {
            "p(90)": 0,
            "p(95)": 0,
            "avg": 6.355644245723173,
            "min": 0,
            "med": 0,
            "max": 183.024
        },
        "vus": {
            "value": 24,
            "min": 24,
            "max": 100
        },
        "iteration_duration": {
            "avg": 1190.3005553654734,
            "min": 1140.9515,
            "med": 1162.8235,
            "max": 1835.6422,
            "p(90)": 1217.693,
            "p(95)": 1390.0036
        },
        "iterations": {
            "rate": 82.66207464914996,
            "count": 2572
        },
        "http_req_failed": {
            "passes": 2572,
            "fails": 0,
            "value": 1
        },
        "http_req_duration": {
            "avg": 171.41567737169535,
            "min": 139.9127,
            "med": 160.9887,
            "max": 835.2919,
            "p(90)": 187.38645,
            "p(95)": 227.43498999999997
        },
        "http_req_blocked": {
            "med": 0,
            "max": 539.0235,
            "p(90)": 0,
            "p(95)": 0.5838849999999994,
            "avg": 17.14397947122863,
            "min": 0
        },
        "http_reqs": {
            "count": 2572,
            "rate": 82.66207464914996
        }
    }
}